,Object,Type,X,Y,height,width
0,1,example5,224.25629290617852,154.46224256292908,500,500
1,1,example5,152.17391304347828,248.85583524027462,500,500
2,1,example5,323.22654462242565,275.7437070938215,500,500
3,1,example5,357.55148741418765,161.89931350114418,500,500
