,Object,Type,X,Y,height,width
0,1,example5,170.4805491990847,140.16018306636155,500,500
1,1,example5,124.14187643020595,270.5949656750572,500,500
2,1,example5,358.69565217391306,259.7254004576659,500,500
3,1,example5,359.8398169336385,125.28604118993135,500,500
