,Object,Type,X,Y,height,width
0,1,3,321.51029748283753,171.05263157894737,500,500
1,1,3,156.17848970251717,252.86041189931353,500,500
2,1,3,369.5652173913044,351.8306636155607,500,500
3,1,3,399.3135011441648,240.8466819221968,500,500
4,1,3,444.5080091533181,186.49885583524028,500,500
