,Object,Type,X,Y,height,width
0,1,5,220.2517162471396,137.29977116704808,500,500
1,1,5,139.58810068649888,287.75743707093824,500,500
2,1,5,288.32951945080094,336.95652173913044,500,500
3,1,5,391.83222714920237,100.62964015422698,500,500
